Persona_ID,Persona_Name,Layer1_Raw_Pain_Forum_Verbatim,Layer1_Trigger_Scenarios_Forum,Layer1_Objections_Forum,Layer2_Core_Message,Layer2_Grounded_Mechanism_Map,Layer2_How_Kit_Solves,Layer2_Trust_Anchors,Layer3_English_Ready_Phrasing,Layer3_Hindi_Ready_Phrasing,Layer3_Hinglish_Ready_Phrasing,Primary_Sources
1,Craving-Control Struggler,some foods are too addictive for me; used to eat a whole bag or a whole pizza; having a hard time not going over a little or having hard cravings; i cant even do a week without giving up the next week; The food noise is kinda coming back; Cravings were back yesterday,Calorie deficit starts but cravings spike and daily target breaks; Trigger food starts binge pattern; Early appetite suppression fades before routine stabilizes; Repeated week-one failure causes shame/restart loops,"I tried control before, it came back; What if this only works for 2-3 days and then cravings return; Will appetite reduction make me weak; I do not want a chemical dependency route",Main pain is recurring craving-led failure; desired outcome is fewer urge spikes so consistency lasts beyond a few days.,Root cause is craving-led random eating; failure point is urge peaks; product fit is fullness + craving-pressure reduction + digestion support; behavior outcome is fewer impulsive events and lower total intake.,Replaces willpower-only control with appetite support in highest-risk window; reduces extra eating moments; keeps protocol simple for low-motivation days; tracker/support loop catches relapse early.,Mechanism clarity over hype; no cure language; result proof with conditions; protocol for off-days to reduce all-or-nothing guilt.,"If cravings keep hijacking your week, the fix starts with fewer urge spikes, not more guilt.; Less food noise. Fewer random snacks. More consistent fat-loss days.; Control the in-between eating moments where progress usually breaks.","Agar cravings har hafte aapki diet tod deti hain, to samadhan guilt nahi, kam urge spikes hai.; Kam food noise, kam random snacking, zyada consistent progress.; Wahi beech-beech ke khane wale moments theek karein jahan progress rukti hai.","Cravings week ko hijack kar rahi hain? Guilt nahi, urge spikes control karo.; Less food noise. Less random snacking. More consistency.; Jahan progress break hoti hai, beech beech ka eating wahi fix karo.",https://www.reddit.com/r/loseit/comments/1slr573/i_went_from_229_pounds_to_184_pounds_in_less_than/ | https://www.reddit.com/r/loseit/comments/1sm5dab/easing_in_and_out_of_caloric_deficit/ | https://www.reddit.com/r/loseit/comments/1slzs2y/im_too_addicted_its_ridiculous/ | https://www.reddit.com/r/GLP1India/comments/1sm0ldy/day_4_of_being_on_mj_but/ | https://www.reddit.com/r/GLP1India/comments/1sly528/first_week_progress/
2,Busy Professional,"few holidays... few parties... few work life stress... And here I am, back to square one; I need 1 week of continuous discipline... But i don't know when; worried about staying on track during the vacation; I find sticking to any kind of plan absolutely impossible; I... feel overwhelmed and can't stick to anything at all; I cannot eat several times a day. That's just not how I work",Travel/vacation weeks break routine and reset progress; Work-stress periods collapse meal structure; Complex plans fail in real life; Overwhelm causes dropout.,"Will this fit real life or add one more complicated routine; I cannot run a strict multi-meal schedule; If one travel day breaks the plan, this is not practical; I need a system I can restart quickly.","Main pain is life-disruption, not lack of knowledge; desired outcome is a low-friction protocol that survives imperfect weeks.",Root cause is irregular schedule plus decision fatigue; failure point is complex plan dependence; product fit is morning anchor + reduced random intake + night digestion support to help next-day restart.,Gives one fixed morning anchor action; lowers appetite-driven randomness in busy blocks; includes skip/restart handling so disruption does not become abandonment; tracker/support maintains accountability.,Real-life practicality framing; no mandatory heavy-workout claim; protocol clarity; support availability during stress/travel weeks.,"If life keeps breaking your routine, use a system that survives imperfect weeks.; Not a second job. Just a simpler daily weight-loss protocol.; More executable days, fewer restarts, steadier progress.","Agar life bar-bar routine tod deti hai, to aisa system chunen jo imperfect hafton mein bhi chale.; Yeh doosri naukri nahi, ek simple daily weight-loss protocol hai.; Kam restarts, zyada follow-through, steady progress.","Life routine tod deti hai? Aisa system lo jo imperfect weeks mein bhi chale.; Second job nahi, simple daily protocol.; Less restart. More follow-through. Better progress.",https://www.reddit.com/r/loseit/comments/1smagwt/starting_again/ | https://www.reddit.com/r/loseit/comments/1slsqkw/just_a_reminder_about_vacations/ | https://www.reddit.com/r/loseit/comments/1sm9jik/anyone_diagnosed_with_adhd_successfully_lost/ | https://www.reddit.com/r/loseit/comments/1sm8g9m/how_are_yall_eating_100_grams_of_protein_every_day/
3,Emotional Eater / Stress Snacker,"There is no peace here; Every single day is a manual struggle and a total grind; I am exhausted, I am burnt out; few work life stress... back to square one; it's created a struggle with body image... my whole life; don't feel supported by family either; that leads to some disordered eating",Stress weeks trigger relapse; Emotional fatigue increases impulsive decisions; Shame/body-image distress worsens all-or-nothing behavior; Low support raises dropout risk.,"My issue is mental and emotional; appetite help alone may not be enough; I do not want shame-based messaging; I need realistic support, not pressure; I need breathing room, not stricter punishment.",Main pain is emotional overload converting into overeating patterns; desired outcome is lower urge intensity and easier continuation after rough days.,Root cause is stress plus impulsive intake plus poor recovery; failure point is strict plans during stress spikes; product fit is appetite-pressure reduction plus digestion support for next-day continuation.,Lowers physical appetite pressure in stress windows; cuts random snacking that amplifies guilt; uses non-shaming support language; improves next-day restart probability by reducing heaviness.,Empathetic coach tone; mechanism clarity without mental-health cure claim; practical routine framing; daily support structure.,"When stress turns your day into a food battle, start by reducing the urge pressure.; Less food chaos. Less guilt spiral. More day-to-day control.; Support that helps you continue, even after a rough day.","Jab tanav din ko khane ki ladai bana de, to shuruaat urge pressure kam karne se karein.; Kam food chaos, kam guilt spiral, zyada daily control.; Aisa support jo kharab din ke baad bhi aapko jari rakhne mein madad kare.","Jab stress day ko food battle bana de, urge pressure kam karo.; Less food chaos. Less guilt spiral. More control.; Rough day ke baad bhi continue karne wala support.",https://www.reddit.com/r/loseit/comments/1sm3204/i_hit_my_goal_and_honestly_it_was_not_worth_it/ | https://www.reddit.com/r/loseit/comments/1smagwt/starting_again/ | https://www.reddit.com/r/loseit/comments/1sme6m4/storytimeperhaps_a_tale_as_old_as_time_lol/
4,Plateau Victim,not being able to budge past the 180 mark; Now it takes around 4-5 days... instead of 2-3 days; I feel like i'm at my wits end here; I got sick... and I gained 5kg back instantly; Do I have to keep tracking Calories till I die?,Weight stuck despite weekday discipline; Longer water-weight reset creates panic; Illness/travel disruption creates rebound feeling; High tracking burden causes fatigue and dropout risk.,"I already do effort, what is different here; Is this just water fluctuation; Will I need extreme restriction forever; I do not want vague plateau promises.",Main pain is effort without reliable movement; desired outcome is to break hidden behavior drift without harsher restriction.,Root cause is hidden intake creep and inconsistent adherence; failure point is inability to sustain strict rules; product fit is hunger/craving reduction plus digestion comfort to improve next-day compliance.,Targets hidden snacking/portion drift; makes adherence easier for enough days to move plateau; reduces discomfort-driven pause/restart cycles; keeps expectations non-linear and realistic.,Concrete mechanism over hype; explicit non-linear framing; no instant-melt claims; structured routine plus tracker plus support.,"If your scale is stuck despite effort, fix the daily leak points, not just your motivation.; Not harsher dieting. Better adherence mechanics.; A practical reset for plateau-phase consistency.","Agar mehnat ke baad bhi wazan atka hai, to motivation nahi daily leak points theek karein.; Aur sakht diet nahi, behtar adherence mechanics.; Plateau phase mein consistency ke liye practical reset.","Effort ke baad bhi scale stuck? Motivation nahi, daily leak points fix karo.; More punishment nahi. Better adherence mechanics.; Plateau phase ke liye practical reset.",https://www.reddit.com/r/loseit/comments/1smeo84/i_can_only_lose_when_im_eating_12001500_calories/ | https://www.reddit.com/r/loseit/comments/1smaw6k/why_is_it_taking_me_longer_to_lose_water_weight/ | https://www.reddit.com/r/loseit/comments/1sm3204/i_hit_my_goal_and_honestly_it_was_not_worth_it/ | https://www.reddit.com/r/loseit/comments/1smavor/do_i_have_to_keep_tracking_calories_till_i_die/
5,PCOD Support Seeker (No Cure Claims),"I've dealt with hypothyroid; I've fixed my PCOS, Hypothyroidism; Mounjaro is quite expensive for me... apprehensive that would semaglutide even work; I absolutely have no after-effects... Is this normal?; Need guidance; Why so fear mongering...",Hormonal history creates distrust of generic plans; Conflicting online advice (cure claims vs fear content); Pays for solutions but doubts efficacy; Variable early response creates panic/trust drop.,Do not sell me cure claims; Will this still work for my hormonal-context struggle; I need practical support not fear or hype; I need realistic mechanism and safety clarity.,Main pain is distrust from generic/exaggerated messaging in hormonal-context weight struggles; desired outcome is believable non-cure support.,Root cause is appetite variability plus cravings/random intake plus discomfort; failure point is oversimplified generic plans or cure-style promises; product fit is fullness/craving-control/intake-reduction/digestion support without disease-treatment claims.,Explicitly positions as weight-loss support not PCOD/thyroid cure; provides simple daily routine that reduces decision fatigue; adds digestion support for continuity; gives transparent protocol and support touchpoints.,Explicit no-cure line; plain-language mechanism and expectation setting; safety/protocol clarity over miracle framing; proof + guarantee terms + support loop.,"Not a PCOD or thyroid cure claim. Practical weight-loss support you can actually follow.; When hormonal-context weight loss feels confusing, start with a clear behavior-first routine.; Simple appetite and digestion support, with realistic expectations.","Yeh PCOD ya thyroid cure claim nahi hai. Yeh ek practical weight-loss support hai jise follow karna aasaan ho.; Jab hormonal-context weight loss confusing lage, behavior-first routine se shuruaat karein.; Saaf mechanism, realistic expectations, aur daily support.","PCOD ya thyroid cure claim nahi. Bas practical weight-loss support.; Hormonal-context confusion mein, behavior-first routine se start karo.; Simple appetite + digestion support, realistic expectations ke saath.",https://www.reddit.com/r/loseit/comments/1slz8qo/nslpurposefully_buying_smaller_clothes/ | https://www.reddit.com/r/loseit/comments/1sme6m4/storytimeperhaps_a_tale_as_old_as_time_lol/ | https://www.reddit.com/r/GLP1India/comments/1sm7h0r/new_to_glp1_need_guidance/ | https://www.reddit.com/r/GLP1India/comments/1sidxti/mounjaro_2nd_dose_no_effects/ | https://www.reddit.com/r/GLP1India/comments/1skbb7i/trustified_misleading_viewers_purpose/
6,Thyroid Weight-Gain Struggler (No Cure Claims),"Did the thyroid medication help you lose weight? or least stop getting in the way?; no matter what I do, the weight does not change; Feeling very dismissed; she still refuses to prescribe me the meds I need; I just cannot seem to ever lose weight; my thyroid is out of whack and I am so tired all the time",Labs look normal-ish but fatigue and plateau continue; Endocrinologist/GP dismisses concerns despite effort; Medication side effects create fear and stop-start behavior; Major life deadlines increase urgency while progress stays slow,"If thyroid is unstable, nothing will work; I already tried diet and workouts, why would this be different; I need practical and safe-feeling support, not hype; Do not sell me thyroid cure claims",Main pain is feeling stuck and dismissed despite effort; desired outcome is realistic support without fake cure messaging.,"Root cause is slow-feeling progress plus appetite variability and consistency drift; product fit is satiety support, craving/random-eating reduction, and digestion comfort to improve continuation.",Shifts from cure narrative to daily adherence support; reduces hunger/craving pressure; supports digestion comfort for better next-day consistency; tracker/support loop helps troubleshoot slow-progress periods.,Explicit no-cure boundary; plain mechanism explanation; practical protocol for slow days; non-hype support language.,"Not a thyroid cure claim, practical support when progress feels unusually hard.; If you are tired of being dismissed, start with a consistency-first routine.; Simple appetite and digestion support with realistic expectations.","Yeh thyroid ilaaj ka daava nahi hai, yeh practical support hai jab progress mushkil lage.; Agar aapko baar-baar dismiss kiya gaya hai, to consistency-first routine chuniye.; Bhookh aur pachan ka simple support, realistic expectations ke saath.","Thyroid cure claim nahi, practical support.; Dismiss feel kar rahe ho? Consistency-first routine se start karo.; Simple appetite plus digestion support, no hype.",https://www.reddit.com/r/loseit/comments/1rcmk7j/did_you_find_that_you_had_an_easier_time_losing/ | https://www.reddit.com/r/loseit/comments/1npykfb/losing_weight_with_hypothyroidism_hashi_a_rant/ | https://www.reddit.com/r/loseit/comments/1s3qyry/just_got_dismissed_by_my_endocrinologist/ | https://www.reddit.com/r/loseit/comments/1scj0j0/incompetent_gp_thought_weight_loss_would_cure_my/ | https://www.reddit.com/r/loseit/comments/1nira82/hello/
7,Post-Failure Re-Starter,"I have lost count of how many times I restarted; Every day I tell myself I need to lose weight, and every day I ignore it; getting back on the diet gets shorter every time; a few months later I am heavier than when I started; I am completely demoralized; back to square one",Holidays/parties/work-stress break momentum; One bad weekend triggers multi-day collapse; Restart attempts become shorter over time; Shame after regain delays restart,This will become same story again; I cannot stay consistent; One slip breaks my full plan; I do not want another complicated reset,"Main pain is restart fatigue and confidence loss, not lack of intent.","Root cause is disruption cycles plus hunger/craving spikes and decision fatigue; product fit is morning satiety anchor, reduced random intake, and digestion support for easier continuation.",Creates one fixed first step daily; lowers early-phase slip risk from hunger noise; provides skip/resume logic so one bad day does not become full quit; support/tracker restores accountability.,Restart framing over transformation hype; non-judgmental tone; simple repeatable protocol; short test window for confidence recovery.,"Starting again should feel doable, not defeating.; Build more executable days, not perfect days.; Less restart chaos and steadier follow-through.","Dobara shuruaat doable lagni chahiye, haar jaisi nahi.; Perfect din nahi, zyada executable din banaiye.; Kam restart chaos, zyada steady follow-through.","Phir se start karna doable hona chahiye.; Perfect days nahi, executable days count hote hain.; Less restart chaos, more follow-through.",https://www.reddit.com/r/loseit/comments/1qixkr4/if_youre_willing_to_read_i_need_serious_help/ | https://www.reddit.com/r/loseit/comments/1sl4okg/anyone_elses_diet_just_fall_apart_like_this_does/ | https://www.reddit.com/r/loseit/comments/1rhmyha/restarting_again/ | https://www.reddit.com/r/loseit/comments/1jzwwg9/day_1_starts_again/ | https://www.reddit.com/r/loseit/comments/1mgxeoq/gained_all_my_weight_back/
8,No-Weakness Skeptic,"I always feel weak; I feel nauseous, anxious, weak and shaky; I am losing and I feel like shit, or I feel good but I am not losing; my doctor does not know what I am talking about; I cannot eat several times a day, that is not how I work; I can only lose when I am eating 1200-1500 calories",Low-energy episodes after calorie cuts trigger dropout; Meal-structure changes feel unsustainable with work demands; Normal labs with symptoms increase confusion; Progress requiring very low calories feels unsafe,"If I feel weak, this plan is not workable; I cannot compromise daily function; I do not want crash-style routines; I need practical guidance, not reassurance only",Main pain is fear of weakness and functioning loss that blocks consistency.,Root cause is hunger-spike anxiety plus unsustainable restriction; product fit is satiety-led intake control with digestion support and simpler routine continuity.,Reframes from starvation-style approach to fullness-supported control; reduces random snacking pressure; keeps routine simple for work-heavy days; tracker/support helps handle low-energy days early.,No-crash framing; clear mechanism; realistic expectations; practical continuation guidance.,Weight loss should not mean feeling weak all day.; Control random intake without crash-style routines.; Practical support you can work with.,Weight loss ka matlab din bhar weak feel karna nahi hona chahiye.; Crash-style routine ke bina random intake control kijiye.; Aisa practical support jo kaam ke saath chale.,"Result chahiye but drained feel nahi?; Crash routine hatao, random eating control karo.; Simple, workable support for normal days.",https://www.reddit.com/r/loseit/comments/1qvlj06/i_train_and_eat_well_but_still_feel_weak_and/ | https://www.reddit.com/r/loseit/comments/1rczlnx/help_weight_loss_feels_impossible/ | https://www.reddit.com/r/loseit/comments/1ncr4d4/side_effects_while_trying_to_cut_calories_and/ | https://www.reddit.com/r/loseit/comments/1ogpcy0/feeling_stressed_and_hopeless_about_losing_weight/ | https://www.reddit.com/r/loseit/comments/1sm8g9m/how_are_yall_eating_100_grams_of_protein_every_day/
9,Time-Starved Parent,"I am struggling to find a way to fit an hour of gym time in the schedule; Food is such a massive comfort and energy source for me when I get so little sleep; Even maintaining good meal routines has been tough; Free time is limited as-is; It is so hard to plan meals, track food, and get exercise because I am exhausted; I do not have freedom to go to the gym",Broken sleep drives comfort eating; Commute/work/childcare removes workout windows; Family meal mismatch breaks compliance; Shift-work fatigue kills tracking consistency,"I do not have time for complex plans; Sleep deprivation makes appetite control hard; I need family-compatible routines; If one chaotic day breaks progress, it is not practical",Main pain is schedule chaos and low sleep breaking most plans.,Root cause is sleep-loss hunger plus random intake and no planning bandwidth; product fit is morning anchor plus appetite support and digestion support for easier next-day continuation.,Minimizes planning load with a simple daily anchor; reduces reactive bites during stress blocks; provides practical continuation path after disrupted days; support/tracker keeps lightweight accountability.,Real-life feasibility framing; no mandatory heavy-workout positioning; protocol clarity for chaotic schedules; parent-relevant support language.,"No time for perfect routines? Use one that survives imperfect weeks.; More executable days and fewer restarts.; Practical support for busy, sleep-deprived parents.","Perfect routine ka time nahi? Aisa system chuniye jo imperfect hafton mein bhi chale.; Zyada executable din, kam restarts.; Busy aur low-sleep parents ke liye practical support.","Perfect routine ka time nahi? Low-friction system lo.; Less restart, more executable days.; Busy parents ke liye practical support.",https://www.reddit.com/r/loseit/comments/1p1av8r/how_do_parents_with_young_minds_get_your_exercise/ | https://www.reddit.com/r/loseit/comments/1qjsgdt/parents_of_toddlers/ | https://www.reddit.com/r/loseit/comments/1nr54ic/feeling_stuck_as_a_new_parent/ | https://www.reddit.com/r/loseit/comments/1opm7da/how_are_we_losing_weight_as_parents_with_young/ | https://www.reddit.com/r/loseit/comments/1lfu25s/losing_weight_and_working_night_shift/
10,"Homemaker, Self-Care Deprioritized",It has been such a hard task to change my life while caring for a baby; how can I fit time in to exercise with my littles; both do not nap at all so I never catch a break; I do not have freedom to go to the gym; Every single day is a manual struggle and a total grind; I do not feel supported by family either,Caregiving-first days remove uninterrupted self-care windows; Home constraints limit safe movement options; Exhaustion increases random snacking and drift; Low support and isolation reduce follow-through,I cannot run a separate complex plan for myself; Gym is not realistic; I need a system that works around household chaos; Please do not shame inconsistency,Main pain is self-care always getting postponed until food chaos and guilt loops build up.,"Root cause is stress load plus unplanned intake and low recovery after rough days; product fit is satiety support, reduced random eating, digestion comfort, and restart-friendly structure.",Gives realistic protocol around caregiving constraints; reduces appetite spikes that drive random kitchen intake; improves comfort after hard days; support/tracker maintains momentum without blame.,Empathetic non-judgmental tone; practical at-home execution; no unrealistic transformation pressure; structured support for continuation.,"Taking care of everyone else should not erase your own routine.; Less food chaos, less guilt spiral, and more manageable control.; Support that works on overloaded home days.","Sabka dhyan rakhte hue apni routine poori tarah khona zaroori nahi.; Kam food chaos, kam guilt spiral, zyada manageable control.; Aisa support jo overloaded ghar wale dinon mein bhi chale.","Sabka dhyan rakhte hue khud ko lose mat karo.; Less chaos, less guilt, better control.; Overloaded home days mein bhi chalne wala support.",https://www.reddit.com/r/loseit/comments/1qdph05/how_to_lose_weight_as_a_stay_at_home_mom/ | https://www.reddit.com/r/loseit/comments/1ko7nma/losing_weight_being_a_stay_at_home_mom_anybody/ | https://www.reddit.com/r/loseit/comments/1rqdlv7/wanting_to_begin_my_weight_loss_journey_as_a_stay/ | https://www.reddit.com/r/loseit/comments/1s3bbz3/struggling_to_find_my_deficit_as_a_breastfeeding/ | https://www.reddit.com/r/loseit/comments/1os8mdh/please_help_cant_lose_weight_been_trying_over_a/
11,Office Snacker (Tea-Time / Junk Cycle),"Frequently reps, patients, and other doctors drop off treats; Rarely is it healthy; they are hard to resist because they are there and free; I hate for food to go to waste; I am both hungry and bored; this is an appetite issue and not a hunger issue; it is out of control and I do not know how to rein it in",Free snacks always visible in office; Client/social pressure to try offered food; Sedentary desk boredom causes grazing; WFH kitchen proximity causes random bites; Food-waste guilt causes unnecessary eating,"I am not really hungry, it is impulse; Saying no looks rude in work context; Home pe control hai but office breaks me; Boredom snacking kaise rukega",Main pain is invisible office snacking damage that feels small per event but large in total.,"Root cause is availability-driven random intake; product fit is satiety support and craving reduction to lower snack frequency, plus digestion support for heavy-feel days.",Reduces urge pressure during office risk windows; lowers random bite frequency; keeps routine simple for workday execution; tracker/support catches day-level drift early.,Relatable office context; no-weakness workday framing; mechanism clarity on random-eating reduction; support loop for consistency.,"Your meals may not be the issue; your office snacking loop might be.; Less desk grazing, less tea-time damage, more control.; For people gaining weight in small office moments.","Samasya meals nahi, office ki baar-baar snacking bhi ho sakti hai.; Kam desk snacking, kam tea-time damage, aur zyada control.; Office ke chhote moments wale weight gain ke liye.","Problem meals nahi, office snacking loop ho sakta hai.; Less desk grazing, less tea-time damage, more control.; Small office moments mein gain karne walon ke liye practical routine.",https://www.reddit.com/r/loseit/comments/1ml4qu6/what_to_do_about_crumbl_cookies_in_the_office/ | https://www.reddit.com/r/loseit/comments/1q5rtll/is_walking_enough_to_drop_some_weight/ | https://www.reddit.com/r/loseit/comments/1pnjo0z/intense_constant_appetite_with_boring_wfh_job/ | https://www.reddit.com/r/loseit/comments/1qyk0d6/how_do_i_stop_messing_up_the_evening/
12,Late-Night Eater,I get so hungry and just want to snack snack snack; if I do not eat it starts to ache; I cannot fall asleep hungry; I start snacking like a whole bag of chips; it feels like me-time; afterwards I always feel regret; all bets are off; self-control is out the window; I blow out my deficit,Post-dinner unwind becomes reward-snacking window; Midnight to 3am wakeups trigger half-asleep eating; Parenting stress creates me-time food loop; Fatigue gets misread as hunger; Easy access via kitchen/vending/apps,If I do not eat I cannot sleep; Raat ko rational control nahi rehta; Healthy snacks bhi over-ho jate hain; Simple tips urge pe kaam nahi karte,Main pain is night eating undoing full-day effort and creating repeat guilt loops.,Root cause is late-night urge spikes and low-friction access; product fit is craving-pressure reduction and digestion comfort to reduce next-day heaviness and restart drag.,Lowers urge pressure in night-risk window; reduces random late-night intake frequency; improves next-morning comfort; makes post-slip restart easier.,Night-specific messaging; digestion/heaviness relevance; non-shaming tone; practical routine over willpower preaching.,"If your day goes well and your night ruins it, fix the night loop first.; Less post-dinner snacking and less next-morning regret.; For people whose hardest food decisions happen after dark.","Agar din theek aur raat kharab, to night loop pe pehle kaam karein.; Kam post-dinner snacking, kam next-morning regret.; Jinki mushkil raat mein start hoti hai unke liye.","Din theek, raat kharab? Night loop fix karo.; Less post-dinner snacking, less next-morning regret.; After-dark cravings walon ke liye practical support.",https://www.reddit.com/r/loseit/comments/1n8vdal/late_night_snacking/ | https://www.reddit.com/r/loseit/comments/1lsegjc/how_do_i_stop_my_late_night_snacking/ | https://www.reddit.com/r/loseit/comments/1k9dmbq/late_night_snacking_as_a_mom/ | https://www.reddit.com/r/loseit/comments/1l2ghr7/late_night_snacks_are_my_demon/ | https://www.reddit.com/r/loseit/comments/1kcfyyq/advice_for_late_night_snacking/
13,Festive / Travel Weight Regainer,I am 4kg heavier and feel devastated; will this be my life forever; gain many kg and spend rest of year losing it again; there is never a time to relax unless I accept weight gain; it is considered rude to not eat provided food; I do not want to set myself back every time; regained like 4-5kg back; I cannot get back into swing of it,Family vacations with unknown-calorie meals; Cultural events where refusal is hard; Stacked occasions like vacation plus holidays plus birthdays; Post-trip routine drift continues after return; Rapid puffiness/heaviness after travel eating stretch,I cannot track every bite on vacation; No bolna social context mein mushkil hai; Trip ke baad restart nahi hota; I need practical reset not punishment reset,"Main pain is repeated regain after real-life events, followed by restart fatigue.",Root cause is social eating and irregular routine rebound; product fit is satiety support for post-event appetite stabilization and digestion support for heaviness reduction.,Creates practical re-entry routine after disruption; reduces hunger-led rebound intake; eases heaviness/bloat that blocks restart; support/tracker improves post-event recovery consistency.,Reset framing over perfection; real-life flexibility acknowledgment; digestion comfort relevance; continuation support.,Trips and festivals should not erase your progress this easily.; A practical reset for people who keep regaining after real-life events.; Less post-trip heaviness and less restart fatigue.,Travel aur festivals har baar progress erase na karein.; Real-life events ke baad regain walon ke liye practical reset.; Kam post-trip heaviness aur kam restart fatigue.,"Travel/festive phase ke baad practical reset chahiye?; Less post-trip heaviness, less restart fatigue.; Regain loop se nikalne ke liye structured support.",https://www.reddit.com/r/loseit/comments/1rxus91/will_i_always_regain_on_vacation/ | https://www.reddit.com/r/loseit/comments/1sb0d2n/going_on_vacationnervous_for_weight/ | https://www.reddit.com/r/loseit/comments/1pb7y8z/regaining_after_losing_the_weight/ | https://www.reddit.com/r/loseit/comments/1lusgms/lost_my_weight_loss_drive_after_holiday_and/ | https://www.reddit.com/r/loseit/comments/1k9b8it/vacation_holiday_tips/
14,Metabolism-Worry Buyer,for years I thought maybe I had slow metabolism; blamed genetics age hormones; why am I not losing weight despite eating healthy; scared low calories will slow my metabolism; metabolism slowed down to match my deficit; trained body to burn fewer calories; metabolism slower than a turtle; deficit advice does not feel true for everyone,Scale stall despite high effort; Conflicting calorie guidance causes panic; Regain after prior success feels like metabolic damage; Hormonal/life-stage context amplifies fear; Slow weekly response triggers over-restriction,"My case is hormones/metabolism, generic advice will fail; If I raise calories I will regain; I already track and still stall; Fat-burner style claims are untrustworthy",Main pain is metabolism fear masking daily consistency and intake-structure problems.,"Root cause is intake inconsistency plus stress-driven over-adjustment; product fit is satiety support, random-eating reduction, digestion comfort, and simpler routine adherence.",Replaces vague metabolism panic with concrete daily actions; reduces hunger-led random decisions; supports comfort for continuation; tracker/support shifts focus to trend and consistency.,No pseudo-science; no exaggerated fat-burn claims; clear routine-level mechanism; realistic trend framing.,"If slow metabolism is your story, start with practical daily control not hype.; Less random hunger, less heaviness, more consistent routine response.; No fake metabolism promises, just executable support.","Agar metabolism slow lagta hai to hype nahi practical daily control se start karein.; Kam random bhookh, kam heaviness, zyada consistent response.; Fake boost claims nahi, clear support.","Slow metabolism feel ho raha hai? Hype chhodo, practical routine lo.; Less random hunger, less heaviness, more consistency.; Fake boost claims nahi.",https://www.reddit.com/r/loseit/comments/1kal9fa/i_started_dropping_weight_once_i_understood_how/ | https://www.reddit.com/r/loseit/comments/1slw8sh/i_have_so_many_questions_help_plz/ | https://www.reddit.com/r/loseit/comments/1n67hka/stuck_at_1300_calories_did_i_slow_my_metabolism/ | https://www.reddit.com/r/loseit/comments/1rc486t/it_feels_like_i_cant_lose_weight_no_matter_what_i/ | https://www.reddit.com/r/loseit/comments/1mszcx0/50yearold_female_here_trying_to_lose_weighthelp/
15,Digestion-Issue + Weight Combo Seeker,I had an upset digestive tract the whole time; I am just holding on to the weight; stools are sticky and constipated all the time; worst digestive discomfort ever; bloated with constipation issues; scale all over the place; rarely pooping; it is messing with my head; face bloating not going away even after weight loss,Travel/restaurant phase triggers gut upset and scale panic; Constipation windows create plateau fear; Persistent puffiness despite clean effort; Near-goal fluctuations feel like failure; Visible bloating reduces confidence and consistency,I already cut salt/processed foods and still bloated; I am in deficit and still stuck; Is this digestion issue or weight issue; Generic weight advice ignores gut discomfort,Main pain is digestive discomfort blocking consistency and distorting trust in progress.,Root cause is intake inconsistency plus gut-discomfort episodes; product fit is satiety support to reduce random overeating and digestion support to improve comfort/continuation.,Targets intake and digestion comfort together; reduces random eating that worsens discomfort; supports lighter next-day feel; tracker/support helps interpret fluctuations without panic.,Digestion-first proof language; specific symptom acknowledgment; clear role split of liquid vs night support; comfort plus consistency framing.,"When weight struggle comes with bloating and gut discomfort, scale-only advice is not enough.; A practical routine for lighter digestion and lighter intake.; Less stomach heaviness and less random overeating.",Jab weight issue ke saath bloating aur gut discomfort ho to scale-only advice kaafi nahi.; Lighter digestion aur lighter intake ke liye practical routine.; Kam pet heaviness aur kam random overeating.,"Weight issue plus gut discomfort? Scale-only approach enough nahi.; Lighter digestion plus lighter intake ke liye practical routine.; Less stomach heaviness, less random overeating.",https://www.reddit.com/r/loseit/comments/1sgaau6/sticky_stools_constitution_and_stalled_weight_loss/ | https://www.reddit.com/r/loseit/comments/1kbduby/advice_on_weight_loss_stalls_and_constipation/ | https://www.reddit.com/r/loseit/comments/1kqgonr/can_bloatingwater_weight_make_this_big_of_a/ | https://www.reddit.com/r/loseit/comments/1lyrugu/face_bloating_not_going_away_even_after_weight/ | https://www.reddit.com/r/loseit/comments/1sb3fsy/it_literally_took_getting_my_wisdom_teeth_out_to/
16,Budget-Conscious Result Seeker,maximize nutrition and convenience leads to sacrifice on cost; paying quite a bit more in food; expensive coaching without considering budget; low-effort cookie-cutter coaching; no mention of money-back guarantee; apps feel scammy; useful features behind paywall; cannot afford replacing clothes; eating well is expensive,Grocery costs spike after diet changes; Paid app/coach reveals low value; Upfront costs stack up; Wants testable proof before commitment; Prior bad spending creates distrust,Is this worth it or just premium packaging; Can I afford this long term; Is this paywall style; When will visible value show,Main pain is paying for uncertainty and not seeing clear value.,"Root cause is random intake and inconsistency making spend feel wasted; product fit is satiety support, reduced random eating, digestion comfort, and simpler adherence.",Uses low-decision routine; reduces appetite-driven impulse eating; improves continuation through digestion comfort; tracker/support shows trend-based value.,Value logic over hype; test-window mindset; mechanism clarity; system-not-bottle framing.,"If you are paying for weight loss, you deserve visible value not vague promises.; Less random eating, less heaviness, more testable progress.; For people who ask first: is this worth it.","Agar aap paisa de rahe hain to clear value milni chahiye, vague promise nahi.; Kam random eating, kam heaviness, zyada testable progress.; Jo pehle puchte hain: kya yeh worth hai.","Paisa de rahe ho to visible value chahiye, hype nahi.; Less random eating, less heaviness, more testable progress.; Worth-first logon ke liye.",https://www.reddit.com/r/loseit/comments/1njhd8o/eating_healthy_is_worth_it_even_if_it_is_more/ | https://www.reddit.com/r/loseit/comments/1p5sn8t/is_my_personal_trainer_bad_or_is_this_normal/ | https://www.reddit.com/r/loseit/comments/1peq7ba/what_are_the_best_actually_free_weight_loss_apps/ | https://www.reddit.com/r/loseit/comments/1scl3ms/trying_meal_prepping_for_the_first_time_my_pros/ | https://www.reddit.com/r/loseit/comments/1kbgmmr/new_here_lost_78lbs_in_133_years_trying_to/
17,Wedding / Event Deadline Persona,cannot look at photos without cringing; uncomfortable and barely breathe in outfit; fear zip will blow open; photos feel ruined; put weight loss on pause so dress fits; cannot gain or lose once alterations finalized; goal tied to first dress fitting; do not want extra stress before wedding,Alterations finalized creates weight-stability pressure; Outfit zip/fitting scare triggers panic; Photo regret drives urgency; Countdown stress causes all-or-nothing behavior; Body-area fit issues increase self-consciousness,Cannot risk gain/loss after alteration; Crash approach increases stress; Is visible change realistic before date; Event day energy cannot drop,Main pain is date-fixed urgency plus fit anxiety.,"Root cause is deadline panic plus irregular intake and heaviness; product fit is satiety support, reduced random intake, and digestion support for lighter-feel continuity.",Provides pre-event practical structure; reduces craving-led random intake; lowers heaviness/bloating discomfort; supports continuity without crash swings.,Deadline-aware realistic tone; no crash/weakness framing; lighter-feel relevance; practical safety cues.,"A fixed date changes everything, your routine should respect that.; Less bloating, less random eating, more visible control before the day.; Event-ready confidence without crash dieting.","Jab date fixed ho to routine bhi deadline-smart hona chahiye.; Kam bloating, kam random eating, aur event se pehle visible control.; Crash nahi, consistency chuniye.","Date fixed hai? Routine bhi practical hona chahiye.; Less bloating, less random eating, more visible control.; Outfit ke liye crash nahi, consistency.",https://www.reddit.com/r/loseit/comments/1rc1w82/did_anyone_redo_their_wedding_photos_after_losing/ | https://www.reddit.com/r/loseit/comments/1kmysjg/have_to_put_weight_loss_on_pause_so_my_wedding/ | https://www.reddit.com/r/loseit/comments/1sd1vov/50lbs_down/ | https://www.reddit.com/r/loseit/comments/1lpj13w/just_downloaded_lose_it/ | https://www.reddit.com/r/loseit/comments/1rl0e75/what_to_do_to_help_this_area/
18,Confidence-First Persona (Appearance + Energy),cannot look at photos without cringing; still feel invisible; hate my body and feel awful existing in it; do not like pictures; weight affected confidence and self-esteem; ill fitting clothes and insecurity; feel awful after body-shape changes; heavy and low-energy feeling,Mirror/photo mismatch triggers spirals; Clothing-fit frustration drives withdrawal; Body changes after loss create insecurity; Rejection/social comparison amplifies shame; Low-energy days worsen self-image,"What if scale drops but confidence does not improve; Harsh messaging makes it worse; Drained energy is unacceptable; Need body-feel change, not only number",Main pain is confidence and body-feel collapse happening together.,"Root cause is cravings/random intake plus heaviness discomfort and confidence spiral; product fit is satiety support, reduced random eating, and digestion comfort for lighter-feel continuity.",Reduces food-noise slip pressure; supports lighter-feel via digestion comfort; builds day-to-day control consistency; keeps framing non-shaming and practical.,Lighter-feel and daily-confidence framing; no drained-energy framing; non-shaming tone; practical routine cues.,"Sometimes the problem is not just the number, it is how you feel in your body.; Less heaviness, less random eating, more day-to-day confidence.; For people who want body-feel back, not just lower scale.","Kabhi problem number nahi, apni body mein heavy feel karna hota hai.; Kam heaviness, kam random eating, zyada daily confidence.; Jinko scale se zyada body-feel chahiye unke liye.","Problem sirf number ki nahi, body-feel ki bhi hoti hai.; Less heaviness, less random eating, more daily confidence.; Scale se zyada apna feel wapas chahiye?",https://www.reddit.com/r/loseit/comments/1p36xfl/losing_over_half_of_my_body_weight_did_not_help/ | https://www.reddit.com/r/loseit/comments/1k5z82p/help_my_boobs_are_getting_saggy/ | https://www.reddit.com/r/loseit/comments/1lyty6x/how_much_did_losing_weight_improve_your_dating/ | https://www.reddit.com/r/loseit/comments/1lbrmfj/how_do_people_lose_weight_without_developing_an/ | https://www.reddit.com/r/loseit/comments/1kgmhd7/will_walking_help_me_lose_fat/
19,Trust-First Buyer (Doctor-Backed Only),never had good experience at doctors and cannot trust reviews; do not want self medicate; family is against due to side effect concerns; ready to start but without conflict; consulted doctor and started after years; not looking for hype only honest perspectives; need risk to reward ratio and realistic expectations,Multiple failed attempts increase need for medical framing; Family resistance demands proof; Scam/noise environment increases skepticism; New-treatment fear requires guided start,Self-medication nahi karni; Hype nahi chahiye; Safety and side effects clarity mandatory; Doctor-backed logic ke bina trust nahi,Main pain is trust deficit and safety concern before action.,Root cause is fear of unsafe/fake approaches and conflicting advice; product fit is transparent satiety/craving/digestion mechanism with structured routine and support checkpoints.,Uses non-hype mechanism explanation; keeps protocol transparent; provides support checkpoints; builds confidence through realistic consistency framing.,Doctor-backed framing; anti-hype language; safety boundaries; realistic expectation setting.,"No hype and no self-medication culture, just a clear guided system.; If trust is your first filter, start with transparent mechanism and realistic expectations.; Doctor-backed confidence with practical daily routine.","Na hype na self-medication, bas clear guided system.; Agar trust pehle aata hai to transparent mechanism se start karein.; Doctor-backed confidence aur practical routine.","Hype nahi, self-medicate nahi, clear guided system chahiye.; Trust-first ho to transparent mechanism chuno.; Doctor-backed confidence plus practical execution.",https://www.reddit.com/r/GLP1India/comments/1nh8iun/need_help_recommend_endocrinologist_in_noida/ | https://www.reddit.com/r/GLP1India/comments/1royuz2/options_for_glp1_without_family_support/ | https://www.reddit.com/r/GLP1India/comments/1s7p807/started_my_journey_with_generic/ | https://www.reddit.com/r/GLP1India/comments/1p80scv/the_difference_mounjaro_makes/ | https://www.reddit.com/r/loseit/comments/1s2lb6d/need_honest_perspectives_from_people_whove_been/
20,Support-Dependent Persona (Needs Accountability),I keep falling into the same cycle; after two or three months I lose steam; small setbacks throw me off track mentally; progress feels painfully slow; I am sick of it; they always seem to fall around here; I feel like I have lost my life; only comfort is food,Drop-off around day 60-90; Plateaus trigger quit thoughts; Emotional stress events trigger comfort eating; Comparison and shame loops reduce adherence; One missed check-in becomes full reset,Tracking ke baad bhi relapse hota hai; Slow progress breaks motivation; Need accountability not generic tips; One slip se full plan toot jata hai,"Main pain is consistency collapse and relapse loops, not knowledge gap.","Root cause is hunger/craving spikes plus emotional setbacks and weak recovery structure; product fit is satiety/craving reduction, digestion comfort, and support/tracker continuity loop.",Provides fixed daily actions; reduces hunger-noise slips; gives off-day recovery protocol; accountability through regular support and tracker loop.,Accountability-first framing; non-judgmental setback handling; practical repeatability; trend-over-day mindset.,"If you keep restarting, you need continuity support more than motivation.; Less relapse chaos and faster recovery after off days.; Accountability-first practical routine.","Agar bar-bar restart ho raha hai to motivation se zyada continuity support chahiye.; Kam relapse chaos, off-day ke baad faster recovery.; Accountability-first practical routine.","Bar-bar restart? Motivation nahi, continuity support chahiye.; Less relapse chaos, faster recovery.; Accountability-first practical routine.",https://www.reddit.com/r/loseit/comments/1ol51zk/struggling_to_stay_consistent_with_tracking_and/ | https://www.reddit.com/r/loseit/comments/1qezkh6/why_do_i_fail_around_the_same_days_in/ | https://www.reddit.com/r/loseit/comments/1pvkcw6/im_stuck_and_feel_like_ive_lost_my_life/ | https://www.reddit.com/r/loseit/comments/1skaq38/getting_back_on_track_after_trauma/ | https://www.reddit.com/r/GLP1India/comments/1lddvas/on_mounjaro_25mg_for_10_days_in_and_not_seeing/
21,Beginner Who Hates Complex Plans,constantly overwhelmed with how involved tracking is; it should not be this overwhelming; overwhelmed by all things people are trying; decision fatigue easily; too many bad habits feels overwhelming; calorie counting puts me in horrible state of mind; overwhelmed with where to begin; how can I start without overwhelming myself; tracking hard to maintain long term,App setup and macro tracking overload at start; Too many methods create paralysis; Work/life constraints break perfect plans; Emotional stress triggers unplanned eating; One miss triggers all-or-nothing reset,Complex tracking sustainable nahi; Counting harms mental state; Rigid plan nahi chahiye; Need simple realistic steps,Main pain is complexity killing momentum before habits stabilize.,"Root cause is overwhelm plus random eating and weak routine architecture; product fit is satiety/craving support, reduced random eating, digestion comfort, and simple guided structure.",Creates low-decision daily routine; reduces hunger-noise snack drift; keeps execution beginner-friendly; uses support/tracker to prevent overwhelm relapse.,Simplicity-first; beginner-friendly tone; non-extreme framing; guided support over info overload.,"If complex plans overwhelm you, start with a simpler system.; Less confusion, less random eating, more doable beginning.; For beginners who want clear steps not fitness homework.","Agar complex plans overwhelm karte hain to simpler system se start karein.; Kam confusion, kam random eating, zyada doable shuruaat.; Beginners ke liye clear steps, fitness homework nahi.","Overwhelmed ho jaate ho? Start simpler.; Less confusion, less random eating, more doable start.; Beginner-friendly routine, overcomplication nahi.",https://www.reddit.com/r/loseit/comments/1sed932/how_do_you_avoid_getting_overwhelmed_in_the/ | https://www.reddit.com/r/loseit/comments/1q4468e/looking_for_advice_first_time_getting_serious/ | https://www.reddit.com/r/loseit/comments/1mkykf2/day_1/ | https://www.reddit.com/r/loseit/comments/1lyq22p/96_kg_at_21m_171_cm_need_help_with_weight_loss/ | https://www.reddit.com/r/loseit/comments/1pyrwpd/wanting_to_get_started_with_losing_weight_but/
22,35+ Slow-Progress Persona,my body was swollen and I was not losing any weight; scale fluctuated for entire month; yo-yo dieted over a decade; years of frustration and disappointment; now in my early 40s; too much struggle to get through days; years of trying and no exact formula; wasted years chasing shortcuts; lose 5-10 and gain back 15; still struggling with basics in my 30s,Scale stall despite effort for weeks; Work/life stress disrupts routine; Long history of failed cycles lowers trust; Near-goal phase feels disproportionately hard; Age/life-stage pressure increases urgency,Slow progress means plan not working; Stress weeks break consistency; Tried for years and nothing sticks; Extreme plan unsustainable,Main pain is persistent effort with slow visible movement and relapse fatigue.,"Root cause is appetite/craving drift plus stress interruptions and heaviness discomfort; product fit is satiety/craving reduction, reduced random intake, digestion comfort, and simple continuity support.",Replaces extreme cycle with steady routine; lowers hunger-noise during stress windows; supports digestion comfort for continuation; trend-based support reduces fluctuation panic.,Realistic tone; consistency over speed; no extreme-result promises; practical long-horizon support.,"If progress feels slower now, routine must be steadier and realistic.; Less random eating, less heaviness, more believable progress.; For people who want sustainable movement not dramatic promises.","Agar progress slow lage to routine ko steady aur realistic banaiye.; Kam random eating, kam heaviness, zyada believable progress.; Sustainable movement chahiye, dramatic promises nahi.","Progress slow lag rahi hai? Routine ko steadier aur realistic banao.; Less random eating, less heaviness, more believable progress.; Sustainable push chahiye, dramatic promises nahi.",https://www.reddit.com/r/loseit/comments/1qvssjf/update_post_not_losing_weight_eating_1400/ | https://www.reddit.com/r/loseit/comments/1objs31/confessions_of_a_unicorn_maintaining_an_100_pound/ | https://www.reddit.com/r/loseit/comments/1nida7o/i_wasted_10_years_trying_every_possible_way_to/ | https://www.reddit.com/r/loseit/comments/1lrn2jv/how_i_finally_started_losing_weight_after_years/ | https://www.reddit.com/r/loseit/comments/1p0zoe1/struggling_to_lose_weight_in_my_30s_keep/
